,Country,TradeValue,Year,Month,TransactionType
0,Myanmar,47039674,2019,01,Import
1,Myanmar,99121436,2019,01,Export
2,Myanmar,18979044,2019,02,Import
3,Myanmar,67096024,2019,02,Export
4,Myanmar,64397415,2019,03,Import
5,Myanmar,80616252,2019,03,Export
6,Myanmar,29092620,2019,04,Import
7,Myanmar,59481944,2019,04,Export
8,Myanmar,22379849,2019,05,Import
9,Myanmar,83824103,2019,05,Export
10,Myanmar,20426389,2019,06,Import
11,Myanmar,75903599,2019,06,Export
12,Myanmar,23651715,2019,07,Import
13,Myanmar,61911414,2019,07,Export
14,Myanmar,75379060,2019,08,Export
15,Myanmar,58297393,2019,08,Import
16,Myanmar,62569508,2019,09,Import
17,Myanmar,80154501,2019,09,Export
18,Myanmar,83322410,2019,10,Import
19,Myanmar,86389895,2019,10,Export
20,Myanmar,54067343,2019,11,Import
21,Myanmar,82937578,2019,11,Export
22,Myanmar,20940611,2019,12,Import
23,Myanmar,102862256,2019,12,Export
24,Myanmar,21326650,2020,01,Import
25,Myanmar,76598793,2020,01,Export
26,Myanmar,77080083,2020,02,Export
27,Myanmar,58009455,2020,02,Import
28,Myanmar,70763236,2020,03,Export
29,Myanmar,93067462,2020,03,Import
30,Myanmar,32291370,2020,04,Export
31,Myanmar,79863607,2020,04,Import
32,Myanmar,49139575,2020,05,Export
33,Myanmar,46453124,2020,05,Import
34,Myanmar,72868856,2020,06,Export
35,Myanmar,17985284,2020,06,Import
36,Myanmar,41335940,2020,07,Import
37,Myanmar,83198016,2020,07,Export
38,Myanmar,38775292,2020,08,Import
39,Myanmar,89938584,2020,08,Export
40,Myanmar,79685423,2020,09,Export
41,Myanmar,35519865,2020,09,Import
42,Myanmar,61921564,2020,10,Export
43,Myanmar,18950167,2020,10,Import
44,Myanmar,69112569,2020,11,Export
45,Myanmar,53516997,2020,11,Import
46,Myanmar,74234313,2020,12,Export
47,Myanmar,67301631,2020,12,Import
48,Myanmar,80785814,2021,01,Export
49,Myanmar,69036274,2021,01,Import
50,Canada,327375833,2019,01,Import
51,Canada,235748088,2019,01,Export
52,Canada,283402652,2019,02,Import
53,Canada,221827207,2019,02,Export
54,Canada,288087113,2019,03,Import
55,Canada,307840139,2019,03,Export
56,Canada,254107073,2019,04,Import
57,Canada,228845145,2019,04,Export
58,Canada,355972685,2019,05,Import
59,Canada,230048069,2019,05,Export
60,Canada,302213682,2019,06,Import
61,Canada,220799948,2019,06,Export
62,Canada,397069136,2019,07,Import
63,Canada,226975411,2019,07,Export
64,Canada,237447979,2019,08,Export
65,Canada,378093206,2019,08,Import
66,Canada,289935125,2019,09,Import
67,Canada,213145983,2019,09,Export
68,Canada,293072708,2019,10,Import
69,Canada,234325100,2019,10,Export
70,Canada,343980166,2019,11,Import
71,Canada,264372729,2019,11,Export
72,Canada,385078977,2019,12,Import
73,Canada,279356474,2019,12,Export
74,Canada,216462024,2020,01,Import
75,Canada,270195657,2020,01,Export
76,Canada,250271392,2020,02,Export
77,Canada,202933144,2020,02,Import
78,Canada,202042105,2020,03,Import
79,Canada,198056537,2020,03,Export
80,Canada,112439709,2020,04,Export
81,Canada,221784907,2020,04,Import
82,Canada,178607767,2020,05,Export
83,Canada,293527641,2020,05,Import
84,Canada,230973338,2020,06,Export
85,Canada,227048511,2020,06,Import
86,Canada,184470744,2020,07,Import
87,Canada,245982452,2020,07,Export
88,Canada,249935864,2020,08,Import
89,Canada,238349126,2020,08,Export
90,Canada,291484140,2020,09,Export
91,Canada,331096373,2020,09,Import
92,Canada,254137185,2020,10,Export
93,Canada,168043606,2020,10,Import
94,Canada,246009051,2020,11,Export
95,Canada,235259471,2020,11,Import
96,Canada,294918245,2020,12,Export
97,Canada,198773656,2020,12,Import
98,Canada,233196122,2021,01,Import
99,Canada,304060284,2021,01,Export
100,Sri Lanka,81013220,2019,01,Import
101,Sri Lanka,445382120,2019,01,Export
102,Sri Lanka,109889467,2019,02,Import
103,Sri Lanka,421058027,2019,02,Export
104,Sri Lanka,157116052,2019,03,Import
105,Sri Lanka,400337359,2019,03,Export
106,Sri Lanka,53961728,2019,04,Import
107,Sri Lanka,282575478,2019,04,Export
108,Sri Lanka,53742393,2019,05,Import
109,Sri Lanka,369228126,2019,05,Export
110,Sri Lanka,62655198,2019,06,Import
111,Sri Lanka,259403349,2019,06,Export
112,Sri Lanka,85934183,2019,07,Import
113,Sri Lanka,313424288,2019,07,Export
114,Sri Lanka,386519325,2019,08,Export
115,Sri Lanka,63138477,2019,08,Import
116,Sri Lanka,81736219,2019,09,Import
117,Sri Lanka,333841123,2019,09,Export
118,Sri Lanka,68881609,2019,10,Import
119,Sri Lanka,309229330,2019,10,Export
120,Sri Lanka,109448319,2019,11,Import
121,Sri Lanka,362260649,2019,11,Export
122,Sri Lanka,65938187,2019,12,Import
123,Sri Lanka,339036801,2019,12,Export
124,Sri Lanka,103734441,2020,01,Import
125,Sri Lanka,289942884,2020,01,Export
126,Sri Lanka,309994855,2020,02,Export
127,Sri Lanka,108449311,2020,02,Import
128,Sri Lanka,246722641,2020,03,Export
129,Sri Lanka,46087760,2020,03,Import
130,Sri Lanka,137628974,2020,04,Export
131,Sri Lanka,17399114,2020,04,Import
132,Sri Lanka,26676279,2020,05,Import
133,Sri Lanka,222033834,2020,05,Export
134,Sri Lanka,191497462,2020,06,Export
135,Sri Lanka,42286197,2020,06,Import
136,Sri Lanka,60097402,2020,07,Import
137,Sri Lanka,305765249,2020,07,Export
138,Sri Lanka,52513521,2020,08,Import
139,Sri Lanka,262810375,2020,08,Export
140,Sri Lanka,444405316,2020,09,Export
141,Sri Lanka,61060970,2020,09,Import
142,Sri Lanka,327586295,2020,10,Export
143,Sri Lanka,47109567,2020,10,Import
144,Sri Lanka,215493874,2020,11,Export
145,Sri Lanka,54846411,2020,11,Import
146,Sri Lanka,271102845,2020,12,Export
147,Sri Lanka,68917930,2020,12,Import
148,Sri Lanka,75487264,2021,01,Import
149,Sri Lanka,296843050,2021,01,Export
150,China,6224258154,2019,01,Import
151,China,1224506864,2019,01,Export
152,China,5122692679,2019,02,Import
153,China,1297100474,2019,02,Export
154,China,5088949131,2019,03,Import
155,China,1681629270,2019,03,Export
156,China,5318099833,2019,04,Import
157,China,1442279187,2019,04,Export
158,China,6036867766,2019,05,Import
159,China,1557208463,2019,05,Export
160,China,5907801405,2019,06,Import
161,China,1180344863,2019,06,Export
162,China,6187021476,2019,07,Import
163,China,1418245521,2019,07,Export
164,China,1510949489,2019,08,Export
165,China,6372964802,2019,08,Import
166,China,6441890929,2019,09,Import
167,China,1394189792,2019,09,Export
168,China,5505303984,2019,10,Import
169,China,1479389333,2019,10,Export
170,China,5128382969,2019,11,Import
171,China,1622450311,2019,11,Export
172,China,5011418508,2019,12,Import
173,China,1465345764,2019,12,Export
174,China,6021942976,2020,01,Import
175,China,1505326716,2020,01,Export
176,China,1118633463,2020,02,Export
177,China,4443011881,2020,02,Import
178,China,2881302699,2020,03,Import
179,China,1065715372,2020,03,Export
180,China,1136026599,2020,04,Export
181,China,3032549349,2020,04,Import
182,China,2301563804,2020,05,Export
183,China,4665318199,2020,05,Import
184,China,2099744952,2020,06,Export
185,China,3324387992,2020,06,Import
186,China,5580463483,2020,07,Import
187,China,1742161576,2020,07,Export
188,China,4984604725,2020,08,Import
189,China,1679026558,2020,08,Export
190,China,1646321366,2020,09,Export
191,China,5786037241,2020,09,Import
192,China,1486824160,2020,10,Export
193,China,6150281618,2020,10,Import
194,China,1515216652,2020,11,Export
195,China,5288851826,2020,11,Import
196,China,1621801390,2020,12,Export
197,China,6538422779,2020,12,Import
198,China,1558286561,2021,01,Export
199,China,6683258365,2021,01,Import
200,Colombia,51825934,2019,01,Import
201,Colombia,82001864,2019,01,Export
202,Colombia,49218875,2019,02,Import
203,Colombia,85041187,2019,02,Export
204,Colombia,65133012,2019,03,Import
205,Colombia,101680429,2019,03,Export
206,Colombia,44407567,2019,04,Import
207,Colombia,74240068,2019,04,Export
208,Colombia,56909997,2019,05,Import
209,Colombia,84667650,2019,05,Export
210,Colombia,54354548,2019,06,Import
211,Colombia,81829640,2019,06,Export
212,Colombia,48864483,2019,07,Import
213,Colombia,95948908,2019,07,Export
214,Colombia,84849269,2019,08,Export
215,Colombia,37646251,2019,08,Import
216,Colombia,111230078,2019,09,Import
217,Colombia,86357768,2019,09,Export
218,Colombia,60485928,2019,10,Import
219,Colombia,82728127,2019,10,Export
220,Colombia,67162833,2019,11,Import
221,Colombia,85026911,2019,11,Export
222,Colombia,71556435,2019,12,Import
223,Colombia,93014125,2019,12,Export
224,Colombia,68423820,2020,01,Import
225,Colombia,90927720,2020,01,Export
226,Colombia,102108988,2020,02,Export
227,Colombia,105660880,2020,02,Import
228,Colombia,81783746,2020,03,Export
229,Colombia,83083852,2020,03,Import
230,Colombia,22079455,2020,04,Export
231,Colombia,101788650,2020,04,Import
232,Colombia,98120587,2020,05,Import
233,Colombia,36889035,2020,05,Export
234,Colombia,48698703,2020,06,Export
235,Colombia,76180419,2020,06,Import
236,Colombia,156390447,2020,07,Import
237,Colombia,54639402,2020,07,Export
238,Colombia,60297679,2020,08,Import
239,Colombia,54740081,2020,08,Export
240,Colombia,77716870,2020,09,Export
241,Colombia,38532817,2020,09,Import
242,Colombia,87181797,2020,10,Export
243,Colombia,106703695,2020,10,Import
244,Colombia,84007653,2020,11,Export
245,Colombia,110049685,2020,11,Import
246,Colombia,92130418,2020,12,Export
247,Colombia,147759650,2020,12,Import
248,Colombia,100006828,2021,01,Export
249,Colombia,139171800,2021,01,Import
250,France,292375690,2019,01,Import
251,France,475316954,2019,01,Export
252,France,270445050,2019,02,Import
253,France,402118130,2019,02,Export
254,France,404023742,2019,03,Import
255,France,553653167,2019,03,Export
256,France,285077637,2019,04,Import
257,France,403395450,2019,04,Export
258,France,277613184,2019,05,Import
259,France,453880108,2019,05,Export
260,France,333937932,2019,06,Import
261,France,453624791,2019,06,Export
262,France,305762059,2019,07,Import
263,France,428737345,2019,07,Export
264,France,453059468,2019,08,Export
265,France,332310594,2019,08,Import
266,France,336973791,2019,09,Import
267,France,373154216,2019,09,Export
268,France,306050891,2019,10,Import
269,France,451009841,2019,10,Export
270,France,346659216,2019,11,Import
271,France,522261195,2019,11,Export
272,France,335140987,2019,12,Import
273,France,463141273,2019,12,Export
274,France,306730493,2020,01,Import
275,France,413953122,2020,01,Export
276,France,442505505,2020,02,Export
277,France,298502361,2020,02,Import
278,France,235537010,2020,03,Import
279,France,334217504,2020,03,Export
280,France,109170115,2020,04,Export
281,France,143873381,2020,04,Import
282,France,237378800,2020,05,Export
283,France,220675568,2020,05,Import
284,France,297397700,2020,06,Export
285,France,261703641,2020,06,Import
286,France,265983986,2020,07,Import
287,France,407626060,2020,07,Export
288,France,199196503,2020,08,Import
289,France,374386506,2020,08,Export
290,France,395973320,2020,09,Export
291,France,248438442,2020,09,Import
292,France,397731510,2020,10,Export
293,France,237422149,2020,10,Import
294,France,410139419,2020,11,Export
295,France,236696184,2020,11,Import
296,France,547323708,2020,12,Export
297,France,337057787,2020,12,Import
298,France,567897424,2021,01,Export
299,France,354806983,2021,01,Import
300,Germany,1213960247,2019,01,Import
301,Germany,719397073,2019,01,Export
302,Germany,879552665,2019,02,Import
303,Germany,752482634,2019,02,Export
304,Germany,1197357679,2019,03,Import
305,Germany,836516941,2019,03,Export
306,Germany,1007311740,2019,04,Import
307,Germany,658312807,2019,04,Export
308,Germany,1191922173,2019,05,Import
309,Germany,745698297,2019,05,Export
310,Germany,979046225,2019,06,Import
311,Germany,720039223,2019,06,Export
312,Germany,1024632880,2019,07,Import
313,Germany,729688365,2019,07,Export
314,Germany,703854548,2019,08,Export
315,Germany,1082506853,2019,08,Import
316,Germany,934047268,2019,09,Import
317,Germany,673540705,2019,09,Export
318,Germany,891099564,2019,10,Import
319,Germany,671818976,2019,10,Export
320,Germany,893113551,2019,11,Import
321,Germany,612733390,2019,11,Export
322,Germany,979294158,2019,12,Import
323,Germany,746668068,2019,12,Export
324,Germany,995620995,2020,01,Import
325,Germany,741059975,2020,01,Export
326,Germany,718649654,2020,02,Export
327,Germany,980923689,2020,02,Import
328,Germany,565289967,2020,03,Export
329,Germany,709003709,2020,03,Import
330,Germany,266119909,2020,04,Export
331,Germany,414817233,2020,04,Import
332,Germany,781427950,2020,05,Import
333,Germany,464185989,2020,05,Export
334,Germany,592057531,2020,06,Export
335,Germany,729107932,2020,06,Import
336,Germany,813564045,2020,07,Import
337,Germany,729238106,2020,07,Export
338,Germany,711182330,2020,08,Import
339,Germany,706988215,2020,08,Export
340,Germany,734844650,2020,09,Export
341,Germany,791490755,2020,09,Import
342,Germany,720189913,2020,10,Export
343,Germany,828361672,2020,10,Import
344,Germany,659827956,2020,11,Export
345,Germany,862856379,2020,11,Import
346,Germany,758745522,2020,12,Export
347,Germany,1054951545,2020,12,Import
348,Germany,982817380,2021,01,Import
349,Germany,839025479,2021,01,Export
350,Greece,14528419,2019,01,Import
351,Greece,41352154,2019,01,Export
352,Greece,8429464,2019,02,Import
353,Greece,41497957,2019,02,Export
354,Greece,7655676,2019,03,Import
355,Greece,48580637,2019,03,Export
356,Greece,11122626,2019,04,Import
357,Greece,34170855,2019,04,Export
358,Greece,11086423,2019,05,Import
359,Greece,37738387,2019,05,Export
360,Greece,10360068,2019,06,Import
361,Greece,32283588,2019,06,Export
362,Greece,14089845,2019,07,Import
363,Greece,30657322,2019,07,Export
364,Greece,28364169,2019,08,Export
365,Greece,10586788,2019,08,Import
366,Greece,7850012,2019,09,Import
367,Greece,37457789,2019,09,Export
368,Greece,8613243,2019,10,Import
369,Greece,37267964,2019,10,Export
370,Greece,9968121,2019,11,Import
371,Greece,40532860,2019,11,Export
372,Greece,7355258,2019,12,Import
373,Greece,41789171,2019,12,Export
374,Greece,10075377,2020,01,Import
375,Greece,47846610,2020,01,Export
376,Greece,41465092,2020,02,Export
377,Greece,12648895,2020,02,Import
378,Greece,35984307,2020,03,Export
379,Greece,9949646,2020,03,Import
380,Greece,14350223,2020,04,Export
381,Greece,7786722,2020,04,Import
382,Greece,29697389,2020,05,Export
383,Greece,10454907,2020,05,Import
384,Greece,69696127,2020,06,Export
385,Greece,5405558,2020,06,Import
386,Greece,31431469,2020,07,Import
387,Greece,38883155,2020,07,Export
388,Greece,4073273,2020,08,Import
389,Greece,29135547,2020,08,Export
390,Greece,37971280,2020,09,Export
391,Greece,11653435,2020,09,Import
392,Greece,32157759,2020,10,Export
393,Greece,6999143,2020,10,Import
394,Greece,33979088,2020,11,Export
395,Greece,8204494,2020,11,Import
396,Greece,42487996,2020,12,Export
397,Greece,11115218,2020,12,Import
398,Greece,40409050,2021,01,Export
399,Greece,14236851,2021,01,Import
400,"China, Hong Kong SAR",1298721610,2019,01,Import
401,"China, Hong Kong SAR",772936259,2019,01,Export
402,"China, Hong Kong SAR",1027279142,2019,02,Import
403,"China, Hong Kong SAR",1592474690,2019,02,Export
404,"China, Hong Kong SAR",1910343083,2019,03,Import
405,"China, Hong Kong SAR",958658966,2019,03,Export
406,"China, Hong Kong SAR",1311495772,2019,04,Import
407,"China, Hong Kong SAR",771575219,2019,04,Export
408,"China, Hong Kong SAR",1490528132,2019,05,Import
409,"China, Hong Kong SAR",884769685,2019,05,Export
410,"China, Hong Kong SAR",1549916389,2019,06,Import
411,"China, Hong Kong SAR",1031627627,2019,06,Export
412,"China, Hong Kong SAR",1400330650,2019,07,Import
413,"China, Hong Kong SAR",829857638,2019,07,Export
414,"China, Hong Kong SAR",810113337,2019,08,Export
415,"China, Hong Kong SAR",1379232444,2019,08,Import
416,"China, Hong Kong SAR",1856653974,2019,09,Import
417,"China, Hong Kong SAR",1334178849,2019,09,Export
418,"China, Hong Kong SAR",1315176357,2019,10,Import
419,"China, Hong Kong SAR",989867373,2019,10,Export
420,"China, Hong Kong SAR",1413955344,2019,11,Import
421,"China, Hong Kong SAR",737184060,2019,11,Export
422,"China, Hong Kong SAR",1430350860,2019,12,Import
423,"China, Hong Kong SAR",752408079,2019,12,Export
424,"China, Hong Kong SAR",1467913540,2020,01,Import
425,"China, Hong Kong SAR",702252032,2020,01,Export
426,"China, Hong Kong SAR",619079058,2020,02,Export
427,"China, Hong Kong SAR",1064883553,2020,02,Import
428,"China, Hong Kong SAR",1253530862,2020,03,Import
429,"China, Hong Kong SAR",1034155983,2020,03,Export
430,"China, Hong Kong SAR",99931884,2020,04,Export
431,"China, Hong Kong SAR",325826327,2020,04,Import
432,"China, Hong Kong SAR",975863353,2020,05,Export
433,"China, Hong Kong SAR",879179545,2020,05,Import
434,"China, Hong Kong SAR",788439967,2020,06,Import
435,"China, Hong Kong SAR",749277636,2020,06,Export
436,"China, Hong Kong SAR",1549239070,2020,07,Import
437,"China, Hong Kong SAR",737606197,2020,07,Export
438,"China, Hong Kong SAR",1628443368,2020,08,Import
439,"China, Hong Kong SAR",785387233,2020,08,Export
440,"China, Hong Kong SAR",929515070,2020,09,Export
441,"China, Hong Kong SAR",1673440432,2020,09,Import
442,"China, Hong Kong SAR",1081558060,2020,10,Export
443,"China, Hong Kong SAR",1478541966,2020,10,Import
444,"China, Hong Kong SAR",953864824,2020,11,Export
445,"China, Hong Kong SAR",1164066074,2020,11,Import
446,"China, Hong Kong SAR",852002751,2020,12,Export
447,"China, Hong Kong SAR",1289458717,2020,12,Import
448,"China, Hong Kong SAR",1570548855,2021,01,Import
449,"China, Hong Kong SAR",933473786,2021,01,Export
450,Indonesia,1499382333,2019,01,Import
451,Indonesia,352959446,2019,01,Export
452,Indonesia,1123615109,2019,02,Import
453,Indonesia,447620488,2019,02,Export
454,Indonesia,1308454924,2019,03,Import
455,Indonesia,885331080,2019,03,Export
456,Indonesia,1316752699,2019,04,Import
457,Indonesia,404719635,2019,04,Export
458,Indonesia,1274015236,2019,05,Import
459,Indonesia,312042312,2019,05,Export
460,Indonesia,1108480927,2019,06,Import
461,Indonesia,286000471,2019,06,Export
462,Indonesia,1044271323,2019,07,Import
463,Indonesia,253767617,2019,07,Export
464,Indonesia,366171284,2019,08,Export
465,Indonesia,1251983843,2019,08,Import
466,Indonesia,964191003,2019,09,Import
467,Indonesia,275824391,2019,09,Export
468,Indonesia,1224708616,2019,10,Import
469,Indonesia,318037778,2019,10,Export
470,Indonesia,1365968285,2019,11,Import
471,Indonesia,351683568,2019,11,Export
472,Indonesia,2062650434,2019,12,Import
473,Indonesia,265366275,2019,12,Export
474,Indonesia,1154695283,2020,01,Import
475,Indonesia,333279246,2020,01,Export
476,Indonesia,765604900,2020,02,Export
477,Indonesia,1426201282,2020,02,Import
478,Indonesia,294296681,2020,03,Export
479,Indonesia,868456826,2020,03,Import
480,Indonesia,205801832,2020,04,Export
481,Indonesia,751680009,2020,04,Import
482,Indonesia,480642782,2020,05,Export
483,Indonesia,902429364,2020,05,Import
484,Indonesia,730248508,2020,06,Import
485,Indonesia,285966667,2020,06,Export
486,Indonesia,978487555,2020,07,Import
487,Indonesia,495105268,2020,07,Export
488,Indonesia,885690489,2020,08,Import
489,Indonesia,228791034,2020,08,Export
490,Indonesia,342264712,2020,09,Export
491,Indonesia,839936767,2020,09,Import
492,Indonesia,306211522,2020,10,Export
493,Indonesia,1030675780,2020,10,Import
494,Indonesia,323996547,2020,11,Export
495,Indonesia,1139133302,2020,11,Import
496,Indonesia,304367080,2020,12,Export
497,Indonesia,1301155449,2020,12,Import
498,Indonesia,383104563,2021,01,Export
499,Indonesia,1470861097,2021,01,Import
500,Iran,718729322,2019,01,Import
501,Iran,331725293,2019,01,Export
502,Iran,549626885,2019,02,Import
503,Iran,374626959,2019,02,Export
504,Iran,801450520,2019,03,Import
505,Iran,594548936,2019,03,Export
506,Iran,771691248,2019,04,Import
507,Iran,402262844,2019,04,Export
508,Iran,349374790,2019,05,Import
509,Iran,506653742,2019,05,Export
510,Iran,31728742,2019,06,Import
511,Iran,367250745,2019,06,Export
512,Iran,10161901,2019,07,Import
513,Iran,287286340,2019,07,Export
514,Iran,197566336,2019,08,Export
515,Iran,12766687,2019,08,Import
516,Iran,77482693,2019,09,Import
517,Iran,176442800,2019,09,Export
518,Iran,15926792,2019,10,Import
519,Iran,127328188,2019,10,Export
520,Iran,23021317,2019,11,Import
521,Iran,173107226,2019,11,Export
522,Iran,25681111,2019,12,Import
523,Iran,327822746,2019,12,Export
524,Iran,33203935,2020,01,Import
525,Iran,233992620,2020,01,Export
526,Iran,265076052,2020,02,Export
527,Iran,29866013,2020,02,Import
528,Iran,16422276,2020,03,Import
529,Iran,309333873,2020,03,Export
530,Iran,162456769,2020,04,Export
531,Iran,20493831,2020,04,Import
532,Iran,8359864,2020,05,Import
533,Iran,224074312,2020,05,Export
534,Iran,16301605,2020,06,Import
535,Iran,195242169,2020,06,Export
536,Iran,15832597,2020,07,Import
537,Iran,185178457,2020,07,Export
538,Iran,15930682,2020,08,Import
539,Iran,139596049,2020,08,Export
540,Iran,104838452,2020,09,Export
541,Iran,32484683,2020,09,Import
542,Iran,160108772,2020,10,Export
543,Iran,39599742,2020,10,Import
544,Iran,118496179,2020,11,Export
545,Iran,38523530,2020,11,Import
546,Iran,141958549,2020,12,Export
547,Iran,30418854,2020,12,Import
548,Iran,100209485,2021,01,Export
549,Iran,51175487,2021,01,Import
550,Iraq,1733037651,2019,01,Import
551,Iraq,123941676,2019,01,Export
552,Iraq,1819900546,2019,02,Import
553,Iraq,191334299,2019,02,Export
554,Iraq,1740562731,2019,03,Import
555,Iraq,141404147,2019,03,Export
556,Iraq,1827261235,2019,04,Import
557,Iraq,174459091,2019,04,Export
558,Iraq,2560679934,2019,05,Import
559,Iraq,199363672,2019,05,Export
560,Iraq,1722151704,2019,06,Import
561,Iraq,184174200,2019,06,Export
562,Iraq,1498082034,2019,07,Import
563,Iraq,142777357,2019,07,Export
564,Iraq,155073802,2019,08,Export
565,Iraq,2255774311,2019,08,Import
566,Iraq,1551296185,2019,09,Import
567,Iraq,204716167,2019,09,Export
568,Iraq,1701609866,2019,10,Import
569,Iraq,143245449,2019,10,Export
570,Iraq,2051193841,2019,11,Import
571,Iraq,164755368,2019,11,Export
572,Iraq,1608253205,2019,12,Import
573,Iraq,192520487,2019,12,Export
574,Iraq,2844495417,2020,01,Import
575,Iraq,151236657,2020,01,Export
576,Iraq,121669963,2020,02,Export
577,Iraq,2061099449,2020,02,Import
578,Iraq,87434666,2020,03,Export
579,Iraq,1840557435,2020,03,Import
580,Iraq,70880919,2020,04,Export
581,Iraq,643751320,2020,04,Import
582,Iraq,106028478,2020,05,Export
583,Iraq,516589143,2020,05,Import
584,Iraq,1129226592,2020,06,Import
585,Iraq,126389298,2020,06,Export
586,Iraq,1069799429,2020,07,Import
587,Iraq,117827175,2020,07,Export
588,Iraq,1275796980,2020,08,Import
589,Iraq,129263775,2020,08,Export
590,Iraq,160465829,2020,09,Export
591,Iraq,931540390,2020,09,Import
592,Iraq,127258359,2020,10,Export
593,Iraq,977778026,2020,10,Import
594,Iraq,128617418,2020,11,Export
595,Iraq,1008686094,2020,11,Import
596,Iraq,129871003,2020,12,Export
597,Iraq,1930190773,2020,12,Import
598,Iraq,121255090,2021,01,Export
599,Iraq,1450653703,2021,01,Import
600,Australia,1017093900,2019,01,Import
601,Australia,215649284,2019,01,Export
602,Australia,799102012,2019,02,Import
603,Australia,260991837,2019,02,Export
604,Australia,962738605,2019,03,Import
605,Australia,252351114,2019,03,Export
606,Australia,828334359,2019,04,Import
607,Australia,184822235,2019,04,Export
608,Australia,1148739407,2019,05,Import
609,Australia,218260113,2019,05,Export
610,Australia,966594810,2019,06,Import
611,Australia,216890809,2019,06,Export
612,Australia,897794989,2019,07,Import
613,Australia,305828632,2019,07,Export
614,Australia,287860069,2019,08,Export
615,Australia,1032404313,2019,08,Import
616,Australia,798876261,2019,09,Import
617,Australia,236624784,2019,09,Export
618,Australia,699778131,2019,10,Import
619,Australia,250242789,2019,10,Export
620,Australia,756042867,2019,11,Import
621,Australia,222712356,2019,11,Export
622,Australia,666166764,2019,12,Import
623,Australia,319919562,2019,12,Export
624,Australia,741956086,2020,01,Import
625,Australia,206412550,2020,01,Export
626,Australia,283925879,2020,02,Export
627,Australia,642036538,2020,02,Import
628,Australia,603911840,2020,03,Import
629,Australia,158919976,2020,03,Export
630,Australia,78757376,2020,04,Export
631,Australia,496070678,2020,04,Import
632,Australia,249683236,2020,05,Export
633,Australia,593567911,2020,05,Import
634,Australia,383744196,2020,06,Export
635,Australia,465580790,2020,06,Import
636,Australia,377530414,2020,07,Import
637,Australia,354089122,2020,07,Export
638,Australia,574907962,2020,08,Import
639,Australia,316458048,2020,08,Export
640,Australia,378002648,2020,09,Export
641,Australia,574793430,2020,09,Import
642,Australia,332621883,2020,10,Export
643,Australia,755019290,2020,10,Import
644,Australia,370179551,2020,11,Export
645,Australia,620710356,2020,11,Import
646,Australia,350349137,2020,12,Export
647,Australia,805121605,2020,12,Import
648,Australia,499852333,2021,01,Export
649,Australia,881451736,2021,01,Import
650,Israel,127103660,2019,01,Import
651,Israel,327365171,2019,01,Export
652,Israel,140489996,2019,02,Import
653,Israel,277048371,2019,02,Export
654,Israel,179809905,2019,03,Import
655,Israel,380057628,2019,03,Export
656,Israel,169339104,2019,04,Import
657,Israel,249466193,2019,04,Export
658,Israel,117918257,2019,05,Import
659,Israel,395775627,2019,05,Export
660,Israel,106186680,2019,06,Import
661,Israel,275079307,2019,06,Export
662,Israel,120922668,2019,07,Import
663,Israel,226797106,2019,07,Export
664,Israel,338414433,2019,08,Export
665,Israel,112062329,2019,08,Import
666,Israel,159605678,2019,09,Import
667,Israel,269973624,2019,09,Export
668,Israel,104384686,2019,10,Import
669,Israel,321285827,2019,10,Export
670,Israel,152212931,2019,11,Import
671,Israel,330523321,2019,11,Export
672,Israel,182855125,2019,12,Import
673,Israel,212963862,2019,12,Export
674,Israel,101844742,2020,01,Import
675,Israel,313511725,2020,01,Export
676,Israel,267062682,2020,02,Export
677,Israel,165123778,2020,02,Import
678,Israel,158018933,2020,03,Export
679,Israel,133406446,2020,03,Import
680,Israel,78012780,2020,04,Export
681,Israel,89492163,2020,04,Import
682,Israel,109863792,2020,05,Export
683,Israel,59810556,2020,05,Import
684,Israel,137053273,2020,06,Import
685,Israel,153704306,2020,06,Export
686,Israel,103105976,2020,07,Import
687,Israel,277257715,2020,07,Export
688,Israel,142418916,2020,08,Import
689,Israel,235547935,2020,08,Export
690,Israel,262229400,2020,09,Export
691,Israel,190685026,2020,09,Import
692,Israel,225698496,2020,10,Export
693,Israel,260001350,2020,10,Import
694,Israel,238522925,2020,11,Export
695,Israel,188770577,2020,11,Import
696,Israel,285272059,2020,12,Export
697,Israel,178187607,2020,12,Import
698,Israel,134977834,2021,01,Import
699,Israel,311001155,2021,01,Export
700,Italy,434316725,2019,01,Import
701,Italy,488729053,2019,01,Export
702,Italy,393220728,2019,02,Import
703,Italy,472872607,2019,02,Export
704,Italy,412302629,2019,03,Import
705,Italy,588350642,2019,03,Export
706,Italy,392854599,2019,04,Import
707,Italy,393665829,2019,04,Export
708,Italy,428572443,2019,05,Import
709,Italy,422235447,2019,05,Export
710,Italy,406558937,2019,06,Import
711,Italy,397435758,2019,06,Export
712,Italy,425609765,2019,07,Import
713,Italy,345148878,2019,07,Export
714,Italy,458280195,2019,08,Export
715,Italy,395723448,2019,08,Import
716,Italy,369925946,2019,09,Import
717,Italy,416659986,2019,09,Export
718,Italy,320799148,2019,10,Import
719,Italy,424843272,2019,10,Export
720,Italy,352671831,2019,11,Import
721,Italy,371872720,2019,11,Export
722,Italy,375423843,2019,12,Import
723,Italy,407765996,2019,12,Export
724,Italy,403656142,2020,01,Import
725,Italy,441359002,2020,01,Export
726,Italy,502934130,2020,02,Export
727,Italy,344690087,2020,02,Import
728,Italy,397755703,2020,03,Export
729,Italy,271957697,2020,03,Import
730,Italy,112457232,2020,04,Export
731,Italy,202861435,2020,04,Import
732,Italy,299161076,2020,05,Import
733,Italy,283673189,2020,05,Export
734,Italy,247197532,2020,06,Import
735,Italy,309242858,2020,06,Export
736,Italy,311048174,2020,07,Import
737,Italy,347674984,2020,07,Export
738,Italy,263223541,2020,08,Import
739,Italy,372897420,2020,08,Export
740,Italy,404139926,2020,09,Export
741,Italy,294466751,2020,09,Import
742,Italy,374186942,2020,10,Export
743,Italy,297908638,2020,10,Import
744,Italy,380372091,2020,11,Export
745,Italy,311481264,2020,11,Import
746,Italy,427115598,2020,12,Export
747,Italy,442540889,2020,12,Import
748,Italy,499451526,2021,01,Export
749,Italy,421907894,2021,01,Import
750,Japan,1016515723,2019,01,Import
751,Japan,489703325,2019,01,Export
752,Japan,902481153,2019,02,Import
753,Japan,378120629,2019,02,Export
754,Japan,1225576484,2019,03,Import
755,Japan,451176020,2019,03,Export
756,Japan,1156458313,2019,04,Import
757,Japan,419378203,2019,04,Export
758,Japan,1144862207,2019,05,Import
759,Japan,421489009,2019,05,Export
760,Japan,1014180317,2019,06,Import
761,Japan,364969133,2019,06,Export
762,Japan,1133724443,2019,07,Import
763,Japan,404183358,2019,07,Export
764,Japan,349861315,2019,08,Export
765,Japan,1102396017,2019,08,Import
766,Japan,965011970,2019,09,Import
767,Japan,378238852,2019,09,Export
768,Japan,1129378244,2019,10,Import
769,Japan,407348975,2019,10,Export
770,Japan,990963133,2019,11,Import
771,Japan,352413871,2019,11,Export
772,Japan,965684944,2019,12,Import
773,Japan,399422494,2019,12,Export
774,Japan,993422670,2020,01,Import
775,Japan,318709048,2020,01,Export
776,Japan,401091416,2020,02,Export
777,Japan,998693383,2020,02,Import
778,Japan,838297622,2020,03,Import
779,Japan,299762988,2020,03,Export
780,Japan,172327360,2020,04,Export
781,Japan,513945273,2020,04,Import
782,Japan,906267471,2020,05,Import
783,Japan,330879539,2020,05,Export
784,Japan,643246516,2020,06,Import
785,Japan,380459608,2020,06,Export
786,Japan,702829369,2020,07,Import
787,Japan,307832483,2020,07,Export
788,Japan,680473897,2020,08,Import
789,Japan,306205077,2020,08,Export
790,Japan,392698153,2020,09,Export
791,Japan,777540756,2020,09,Import
792,Japan,329603894,2020,10,Export
793,Japan,880472459,2020,10,Import
794,Japan,321201871,2020,11,Export
795,Japan,1038757091,2020,11,Import
796,Japan,478062536,2020,12,Export
797,Japan,1218835121,2020,12,Import
798,Japan,473167040,2021,01,Export
799,Japan,1032117303,2021,01,Import
800,Austria,58707832,2019,01,Import
801,Austria,43372506,2019,01,Export
802,Austria,50242746,2019,02,Import
803,Austria,43370689,2019,02,Export
804,Austria,66532027,2019,03,Import
805,Austria,43256488,2019,03,Export
806,Austria,54422439,2019,04,Import
807,Austria,37071100,2019,04,Export
808,Austria,63786100,2019,05,Import
809,Austria,38506647,2019,05,Export
810,Austria,50747418,2019,06,Import
811,Austria,36266141,2019,06,Export
812,Austria,53298544,2019,07,Import
813,Austria,39858473,2019,07,Export
814,Austria,33693654,2019,08,Export
815,Austria,65413796,2019,08,Import
816,Austria,47614260,2019,09,Import
817,Austria,34984762,2019,09,Export
818,Austria,52684500,2019,10,Import
819,Austria,37328559,2019,10,Export
820,Austria,44092479,2019,11,Import
821,Austria,33549149,2019,11,Export
822,Austria,50526049,2019,12,Import
823,Austria,38637924,2019,12,Export
824,Austria,59486286,2020,01,Import
825,Austria,47582381,2020,01,Export
826,Austria,43903551,2020,02,Export
827,Austria,47951799,2020,02,Import
828,Austria,40242640,2020,03,Import
829,Austria,34095416,2020,03,Export
830,Austria,10092610,2020,04,Export
831,Austria,23395463,2020,04,Import
832,Austria,22405137,2020,05,Export
833,Austria,43857990,2020,05,Import
834,Austria,46994353,2020,06,Export
835,Austria,41446033,2020,06,Import
836,Austria,53665250,2020,07,Import
837,Austria,50489145,2020,07,Export
838,Austria,40135191,2020,08,Import
839,Austria,38662121,2020,08,Export
840,Austria,36300213,2020,09,Export
841,Austria,45074283,2020,09,Import
842,Austria,33860293,2020,10,Export
843,Austria,56441184,2020,10,Import
844,Austria,32403005,2020,11,Export
845,Austria,52755401,2020,11,Import
846,Austria,46245149,2020,12,Export
847,Austria,75340018,2020,12,Import
848,Austria,42494045,2021,01,Export
849,Austria,54464571,2021,01,Import
850,"China, Macao SAR",193956,2019,01,Import
851,"China, Macao SAR",81510,2019,01,Export
852,"China, Macao SAR",24864,2019,02,Export
853,"China, Macao SAR",188208,2019,03,Import
854,"China, Macao SAR",192894,2019,03,Export
855,"China, Macao SAR",10101,2019,04,Import
856,"China, Macao SAR",63415,2019,04,Export
857,"China, Macao SAR",435128,2019,05,Import
858,"China, Macao SAR",62054,2019,05,Export
859,"China, Macao SAR",283763,2019,06,Import
860,"China, Macao SAR",44229,2019,06,Export
861,"China, Macao SAR",170151,2019,07,Import
862,"China, Macao SAR",16891,2019,07,Export
863,"China, Macao SAR",81209,2019,08,Export
864,"China, Macao SAR",872138,2019,08,Import
865,"China, Macao SAR",844146,2019,09,Import
866,"China, Macao SAR",57994,2019,09,Export
867,"China, Macao SAR",637411,2019,10,Import
868,"China, Macao SAR",25807,2019,10,Export
869,"China, Macao SAR",378278,2019,11,Import
870,"China, Macao SAR",261298,2019,11,Export
871,"China, Macao SAR",250017,2019,12,Import
872,"China, Macao SAR",339066,2019,12,Export
873,"China, Macao SAR",402625,2020,01,Import
874,"China, Macao SAR",56087,2020,01,Export
875,"China, Macao SAR",4874303,2020,02,Export
876,"China, Macao SAR",118048,2020,02,Import
877,"China, Macao SAR",400355,2020,03,Export
878,"China, Macao SAR",688396,2020,03,Import
879,"China, Macao SAR",6765,2020,04,Export
880,"China, Macao SAR",61934,2020,04,Import
881,"China, Macao SAR",103724,2020,05,Export
882,"China, Macao SAR",346454,2020,05,Import
883,"China, Macao SAR",235042,2020,06,Import
884,"China, Macao SAR",864305,2020,06,Export
885,"China, Macao SAR",277221,2020,07,Import
886,"China, Macao SAR",52852,2020,07,Export
887,"China, Macao SAR",516020,2020,08,Import
888,"China, Macao SAR",7607873,2020,08,Export
889,"China, Macao SAR",45262,2020,09,Export
890,"China, Macao SAR",5511564,2020,09,Import
891,"China, Macao SAR",72961,2020,10,Export
892,"China, Macao SAR",3175470,2020,10,Import
893,"China, Macao SAR",28421,2020,11,Export
894,"China, Macao SAR",2876897,2020,11,Import
895,"China, Macao SAR",40962,2020,12,Export
896,"China, Macao SAR",5749467,2020,12,Import
897,"China, Macao SAR",30892,2021,01,Export
898,"China, Macao SAR",2617171,2021,01,Import
899,Malaysia,940766038,2019,01,Import
900,Malaysia,485371065,2019,01,Export
901,Malaysia,757958724,2019,02,Import
902,Malaysia,388104178,2019,02,Export
903,Malaysia,1003672271,2019,03,Import
904,Malaysia,449185754,2019,03,Export
905,Malaysia,854772205,2019,04,Import
906,Malaysia,635430492,2019,04,Export
907,Malaysia,1040376083,2019,05,Import
908,Malaysia,468522274,2019,05,Export
909,Malaysia,883394420,2019,06,Import
910,Malaysia,335462330,2019,06,Export
911,Malaysia,938207526,2019,07,Import
912,Malaysia,559958648,2019,07,Export
913,Malaysia,564468269,2019,08,Export
914,Malaysia,818569184,2019,08,Import
915,Malaysia,863120285,2019,09,Import
916,Malaysia,458605475,2019,09,Export
917,Malaysia,743608581,2019,10,Import
918,Malaysia,578337684,2019,10,Export
919,Malaysia,727408769,2019,11,Import
920,Malaysia,725189573,2019,11,Export
921,Malaysia,840086554,2019,12,Import
922,Malaysia,614252537,2019,12,Export
923,Malaysia,779477398,2020,01,Import
924,Malaysia,494049385,2020,01,Export
925,Malaysia,632059138,2020,02,Export
926,Malaysia,813185350,2020,02,Import
927,Malaysia,399888110,2020,03,Export
928,Malaysia,481222869,2020,03,Import
929,Malaysia,437057216,2020,04,Export
930,Malaysia,216321373,2020,04,Import
931,Malaysia,317310940,2020,05,Import
932,Malaysia,524400222,2020,05,Export
933,Malaysia,329926932,2020,06,Import
934,Malaysia,585169493,2020,06,Export
935,Malaysia,701129452,2020,07,Import
936,Malaysia,656446104,2020,07,Export
937,Malaysia,645007183,2020,08,Import
938,Malaysia,351677676,2020,08,Export
939,Malaysia,534541777,2020,09,Export
940,Malaysia,757700911,2020,09,Import
941,Malaysia,433876339,2020,10,Export
942,Malaysia,770012554,2020,10,Import
943,Malaysia,444979277,2020,11,Export
944,Malaysia,677720601,2020,11,Import
945,Malaysia,685915097,2020,12,Export
946,Malaysia,898606872,2020,12,Import
947,Malaysia,420772162,2021,01,Export
948,Malaysia,1124599144,2021,01,Import
949,Maldives,401548,2019,01,Import
950,Maldives,16601683,2019,01,Export
951,Maldives,722462,2019,02,Import
952,Maldives,15500130,2019,02,Export
953,Maldives,627402,2019,03,Import
954,Maldives,29053840,2019,03,Export
955,Maldives,861364,2019,04,Import
956,Maldives,17536729,2019,04,Export
957,Maldives,788757,2019,05,Import
958,Maldives,14696499,2019,05,Export
959,Maldives,329962,2019,06,Import
960,Maldives,17034573,2019,06,Export
961,Maldives,310659,2019,07,Import
962,Maldives,16852753,2019,07,Export
963,Maldives,20084219,2019,08,Export
964,Maldives,302164,2019,08,Import
965,Maldives,271285,2019,09,Import
966,Maldives,19626371,2019,09,Export
967,Maldives,400186,2019,10,Import
968,Maldives,17783698,2019,10,Export
969,Maldives,594880,2019,11,Import
970,Maldives,21272394,2019,11,Export
971,Maldives,283839,2019,12,Import
972,Maldives,20155614,2019,12,Export
973,Maldives,631797,2020,01,Import
974,Maldives,22399362,2020,01,Export
975,Maldives,20446432,2020,02,Export
976,Maldives,777055,2020,02,Import
977,Maldives,444832,2020,03,Import
978,Maldives,18694722,2020,03,Export
979,Maldives,10411370,2020,04,Export
980,Maldives,1316,2020,04,Import
981,Maldives,321143,2020,05,Import
982,Maldives,15044361,2020,05,Export
983,Maldives,403545,2020,06,Import
984,Maldives,21127653,2020,06,Export
985,Maldives,6146992,2020,07,Import
986,Maldives,17272818,2020,07,Export
987,Maldives,371258,2020,08,Import
988,Maldives,12066798,2020,08,Export
989,Maldives,16180173,2020,09,Export
990,Maldives,449231,2020,09,Import
991,Maldives,13511054,2020,10,Export
992,Maldives,339074,2020,10,Import
993,Maldives,13010614,2020,11,Export
994,Maldives,862474,2020,11,Import
995,Maldives,15887790,2020,12,Export
996,Maldives,6916368,2020,12,Import
997,Maldives,1589452,2021,01,Import
998,Maldives,15602011,2021,01,Export
999,Afghanistan,59882349,2020,01,Import
1000,Afghanistan,125061933,2020,01,Export
1001,Afghanistan,99759782,2020,02,Export
1002,Afghanistan,62742063,2020,02,Import
1003,Afghanistan,69535173,2020,03,Export
1004,Afghanistan,30175637,2020,03,Import
1005,Afghanistan,16936940,2020,04,Export
1006,Afghanistan,1413218,2020,04,Import
1007,Afghanistan,9713420,2020,05,Import
1008,Afghanistan,40759708,2020,05,Export
1009,Afghanistan,63017696,2020,06,Export
1010,Afghanistan,4487984,2020,06,Import
1011,Afghanistan,26652472,2020,07,Import
1012,Afghanistan,83696008,2020,07,Export
1013,Afghanistan,31817696,2020,08,Import
1014,Afghanistan,71973540,2020,08,Export
1015,Afghanistan,79133272,2020,09,Export
1016,Afghanistan,66833362,2020,09,Import
1017,Afghanistan,76284503,2020,10,Export
1018,Afghanistan,62426165,2020,10,Import
1019,Afghanistan,67624036,2020,11,Export
1020,Afghanistan,78353529,2020,11,Import
1021,Afghanistan,64258806,2020,12,Export
1022,Afghanistan,79716613,2020,12,Import
1023,Afghanistan,67488329,2021,01,Import
1024,Afghanistan,67841404,2021,01,Export
1025,Bangladesh,102029630,2019,01,Import
1026,Bangladesh,633004689,2019,01,Export
1027,Bangladesh,141233406,2019,02,Import
1028,Bangladesh,689128454,2019,02,Export
1029,Bangladesh,85483436,2019,03,Import
1030,Bangladesh,910457954,2019,03,Export
1031,Bangladesh,69039300,2019,04,Import
1032,Bangladesh,731005770,2019,04,Export
1033,Bangladesh,83740532,2019,05,Import
1034,Bangladesh,667066953,2019,05,Export
1035,Bangladesh,73999951,2019,06,Import
1036,Bangladesh,528767635,2019,06,Export
1037,Bangladesh,101129214,2019,07,Import
1038,Bangladesh,571155653,2019,07,Export
1039,Bangladesh,576460332,2019,08,Export
1040,Bangladesh,100639487,2019,08,Import
1041,Bangladesh,114806820,2019,09,Import
1042,Bangladesh,725576576,2019,09,Export
1043,Bangladesh,118074182,2019,10,Import
1044,Bangladesh,730733544,2019,10,Export
1045,Bangladesh,110313297,2019,11,Import
1046,Bangladesh,711844395,2019,11,Export
1047,Bangladesh,110449840,2019,12,Import
1048,Bangladesh,763362269,2019,12,Export
1049,Bangladesh,138142056,2020,01,Import
1050,Bangladesh,704799162,2020,01,Export
1051,Bangladesh,797564608,2020,02,Export
1052,Bangladesh,112348194,2020,02,Import
1053,Bangladesh,652444898,2020,03,Export
1054,Bangladesh,83619556,2020,03,Import
1055,Bangladesh,156352712,2020,04,Export
1056,Bangladesh,7538544,2020,04,Import
1057,Bangladesh,322504471,2020,05,Export
1058,Bangladesh,6800288,2020,05,Import
1059,Bangladesh,562699344,2020,06,Export
1060,Bangladesh,24080226,2020,06,Import
1061,Bangladesh,101887852,2020,07,Import
1062,Bangladesh,770163940,2020,07,Export
1063,Bangladesh,92972758,2020,08,Import
1064,Bangladesh,745979434,2020,08,Export
1065,Bangladesh,806438023,2020,09,Export
1066,Bangladesh,113814443,2020,09,Import
1067,Bangladesh,794575507,2020,10,Export
1068,Bangladesh,115084531,2020,10,Import
1069,Bangladesh,734875427,2020,11,Export
1070,Bangladesh,104156745,2020,11,Import
1071,Bangladesh,872815550,2020,12,Export
1072,Bangladesh,128345418,2020,12,Import
1073,Bangladesh,103547048,2021,01,Import
1074,Bangladesh,952003102,2021,01,Export
1075,Nepal,47710592,2019,01,Import
1076,Nepal,603509660,2019,01,Export
1077,Nepal,43335129,2019,02,Import
1078,Nepal,544519968,2019,02,Export
1079,Nepal,48043900,2019,03,Import
1080,Nepal,640466814,2019,03,Export
1081,Nepal,47596903,2019,04,Import
1082,Nepal,601762477,2019,04,Export
1083,Nepal,50028248,2019,05,Import
1084,Nepal,617720741,2019,05,Export
1085,Nepal,55887607,2019,06,Import
1086,Nepal,621588557,2019,06,Export
1087,Nepal,55981001,2019,07,Import
1088,Nepal,573077783,2019,07,Export
1089,Nepal,612047814,2019,08,Export
1090,Nepal,58557771,2019,08,Import
1091,Nepal,53257055,2019,09,Import
1092,Nepal,595299471,2019,09,Export
1093,Nepal,52775304,2019,10,Import
1094,Nepal,479800418,2019,10,Export
1095,Nepal,63299474,2019,11,Import
1096,Nepal,580956185,2019,11,Export
1097,Nepal,72268932,2019,12,Import
1098,Nepal,638086616,2019,12,Export
1099,Nepal,57600668,2020,01,Import
1100,Nepal,631241274,2020,01,Export
1101,Nepal,605745242,2020,02,Export
1102,Nepal,57483298,2020,02,Import
1103,Nepal,50451097,2020,03,Import
1104,Nepal,482342680,2020,03,Export
1105,Nepal,128243023,2020,04,Export
1106,Nepal,13210492,2020,04,Import
1107,Nepal,26889801,2020,05,Import
1108,Nepal,214149739,2020,05,Export
1109,Nepal,48319161,2020,06,Import
1110,Nepal,408745369,2020,06,Export
1111,Nepal,57599247,2020,07,Import
1112,Nepal,415239091,2020,07,Export
1113,Nepal,53992761,2020,08,Import
1114,Nepal,441695950,2020,08,Export
1115,Nepal,539865452,2020,09,Export
1116,Nepal,68872788,2020,09,Import
1117,Nepal,580317356,2020,10,Export
1118,Nepal,55465913,2020,10,Import
1119,Nepal,610615422,2020,11,Export
1120,Nepal,60574167,2020,11,Import
1121,Nepal,810700494,2020,12,Export
1122,Nepal,79247024,2020,12,Import
1123,Nepal,59053048,2021,01,Import
1124,Nepal,781568815,2021,01,Export
1125,New Zealand,50725878,2019,01,Import
1126,New Zealand,33739113,2019,01,Export
1127,New Zealand,43469636,2019,02,Import
1128,New Zealand,29035923,2019,02,Export
1129,New Zealand,44582294,2019,03,Import
1130,New Zealand,33209327,2019,03,Export
1131,New Zealand,42394624,2019,04,Import
1132,New Zealand,27309793,2019,04,Export
1133,New Zealand,51875899,2019,05,Import
1134,New Zealand,33776695,2019,05,Export
1135,New Zealand,40024616,2019,06,Import
1136,New Zealand,30658511,2019,06,Export
1137,New Zealand,49659723,2019,07,Import
1138,New Zealand,35389052,2019,07,Export
1139,New Zealand,35085826,2019,08,Export
1140,New Zealand,54529250,2019,08,Import
1141,New Zealand,56019443,2019,09,Import
1142,New Zealand,32294431,2019,09,Export
1143,New Zealand,38430173,2019,10,Import
1144,New Zealand,33211113,2019,10,Export
1145,New Zealand,43106489,2019,11,Import
1146,New Zealand,27717096,2019,11,Export
1147,New Zealand,43035394,2019,12,Import
1148,New Zealand,32315344,2019,12,Export
1149,New Zealand,50364332,2020,01,Import
1150,New Zealand,31569649,2020,01,Export
1151,New Zealand,31016315,2020,02,Export
1152,New Zealand,19972074,2020,02,Import
1153,New Zealand,28181514,2020,03,Export
1154,New Zealand,32429722,2020,03,Import
1155,New Zealand,10043878,2020,04,Export
1156,New Zealand,14443139,2020,04,Import
1157,New Zealand,51808945,2020,05,Import
1158,New Zealand,33104425,2020,05,Export
1159,New Zealand,15804745,2020,06,Import
1160,New Zealand,46995092,2020,06,Export
1161,New Zealand,32816733,2020,07,Export
1162,New Zealand,30720127,2020,07,Import
1163,New Zealand,54135440,2020,08,Import
1164,New Zealand,43732759,2020,08,Export
1165,New Zealand,54380067,2020,09,Export
1166,New Zealand,32414722,2020,09,Import
1167,New Zealand,42487804,2020,10,Export
1168,New Zealand,43645354,2020,10,Import
1169,New Zealand,36286171,2020,11,Export
1170,New Zealand,34131036,2020,11,Import
1171,New Zealand,47697737,2020,12,Export
1172,New Zealand,29897956,2020,12,Import
1173,New Zealand,50030316,2021,01,Export
1174,New Zealand,33551709,2021,01,Import
1175,Pakistan,32239555,2019,01,Import
1176,Pakistan,161594401,2019,01,Export
1177,Pakistan,18560187,2019,02,Import
1178,Pakistan,126514563,2019,02,Export
1179,Pakistan,2841590,2019,03,Import
1180,Pakistan,171343985,2019,03,Export
1181,Pakistan,2607792,2019,04,Import
1182,Pakistan,177688326,2019,04,Export
1183,Pakistan,3327571,2019,05,Import
1184,Pakistan,148434471,2019,05,Export
1185,Pakistan,1198939,2019,06,Import
1186,Pakistan,126387855,2019,06,Export
1187,Pakistan,2846175,2019,07,Import
1188,Pakistan,120663079,2019,07,Export
1189,Pakistan,52323938,2019,08,Export
1190,Pakistan,1460165,2019,08,Import
1191,Pakistan,286467,2019,09,Import
1192,Pakistan,12405495,2019,09,Export
1193,Pakistan,977838,2019,10,Import
1194,Pakistan,28412697,2019,10,Export
1195,Pakistan,535903,2019,11,Import
1196,Pakistan,32818063,2019,11,Export
1197,Pakistan,184882,2019,12,Import
1198,Pakistan,33996996,2019,12,Export
1199,Pakistan,260760,2020,01,Import
1200,Pakistan,29541724,2020,01,Export
1201,Pakistan,37638445,2020,02,Export
1202,Pakistan,141036,2020,02,Import
1203,Pakistan,17143589,2020,03,Export
1204,Pakistan,137853,2020,03,Import
1205,Pakistan,10396875,2020,04,Export
1206,Pakistan,105961,2020,04,Import
1207,Pakistan,17292792,2020,05,Export
1208,Pakistan,256355,2020,05,Import
1209,Pakistan,69415,2020,06,Import
1210,Pakistan,23095874,2020,06,Export
1211,Pakistan,26364942,2020,07,Export
1212,Pakistan,109430,2020,07,Import
1213,Pakistan,134577,2020,08,Import
1214,Pakistan,15900105,2020,08,Export
1215,Pakistan,20577245,2020,09,Export
1216,Pakistan,236505,2020,09,Import
1217,Pakistan,22378822,2020,10,Export
1218,Pakistan,344310,2020,10,Import
1219,Pakistan,33510303,2020,11,Export
1220,Pakistan,501140,2020,11,Import
1221,Pakistan,28976290,2020,12,Export
1222,Pakistan,246850,2020,12,Import
1223,Pakistan,141640,2021,01,Import
1224,Pakistan,42463487,2021,01,Export
1225,Qatar,954046670,2019,01,Import
1226,Qatar,99213584,2019,01,Export
1227,Qatar,799274513,2019,02,Import
1228,Qatar,141879390,2019,02,Export
1229,Qatar,804770230,2019,03,Import
1230,Qatar,148908006,2019,03,Export
1231,Qatar,677137415,2019,04,Import
1232,Qatar,106333949,2019,04,Export
1233,Qatar,592577158,2019,05,Import
1234,Qatar,102466882,2019,05,Export
1235,Qatar,767919611,2019,06,Import
1236,Qatar,91492800,2019,06,Export
1237,Qatar,928183838,2019,07,Import
1238,Qatar,88856791,2019,07,Export
1239,Qatar,108205140,2019,08,Export
1240,Qatar,692726051,2019,08,Import
1241,Qatar,804092558,2019,09,Import
1242,Qatar,106525565,2019,09,Export
1243,Qatar,921302538,2019,10,Import
1244,Qatar,105300302,2019,10,Export
1245,Qatar,665174319,2019,11,Import
1246,Qatar,89916635,2019,11,Export
1247,Qatar,912248601,2019,12,Import
1248,Qatar,116956263,2019,12,Export
1249,Qatar,895749301,2020,01,Import
1250,Qatar,113842962,2020,01,Export
1251,Qatar,162843571,2020,02,Export
1252,Qatar,979456794,2020,02,Import
1253,Qatar,850217628,2020,03,Import
1254,Qatar,89078934,2020,03,Export
1255,Qatar,45211759,2020,04,Export
1256,Qatar,435600520,2020,04,Import
1257,Qatar,401659581,2020,05,Import
1258,Qatar,70385042,2020,05,Export
1259,Qatar,488259723,2020,06,Import
1260,Qatar,91887166,2020,06,Export
1261,Qatar,726629885,2020,07,Import
1262,Qatar,101941628,2020,07,Export
1263,Qatar,579902232,2020,08,Import
1264,Qatar,109069422,2020,08,Export
1265,Qatar,124336542,2020,09,Export
1266,Qatar,617299201,2020,09,Import
1267,Qatar,105219200,2020,10,Export
1268,Qatar,771834575,2020,10,Import
1269,Qatar,113041441,2020,11,Export
1270,Qatar,536805979,2020,11,Import
1271,Qatar,129610891,2020,12,Export
1272,Qatar,841054287,2020,12,Import
1273,Qatar,783089045,2021,01,Import
1274,Qatar,133393295,2021,01,Export
1275,Russian Federation,375047907,2019,01,Import
1276,Russian Federation,206485457,2019,01,Export
1277,Russian Federation,323836493,2019,02,Import
1278,Russian Federation,213120068,2019,02,Export
1279,Russian Federation,568939854,2019,03,Import
1280,Russian Federation,226511615,2019,03,Export
1281,Russian Federation,832551915,2019,04,Import
1282,Russian Federation,187454394,2019,04,Export
1283,Russian Federation,685372751,2019,05,Import
1284,Russian Federation,217510857,2019,05,Export
1285,Russian Federation,537949108,2019,06,Import
1286,Russian Federation,217680375,2019,06,Export
1287,Russian Federation,604748682,2019,07,Import
1288,Russian Federation,253225215,2019,07,Export
1289,Russian Federation,269228667,2019,08,Export
1290,Russian Federation,490754885,2019,08,Import
1291,Russian Federation,336490101,2019,09,Import
1292,Russian Federation,236177059,2019,09,Export
1293,Russian Federation,484891283,2019,10,Import
1294,Russian Federation,291811514,2019,10,Export
1295,Russian Federation,480387973,2019,11,Import
1296,Russian Federation,295737681,2019,11,Export
1297,Russian Federation,517134406,2019,12,Import
1298,Russian Federation,253179052,2019,12,Export
1299,Russian Federation,1005112260,2020,01,Import
1300,Russian Federation,228386783,2020,01,Export
1301,Russian Federation,272711977,2020,02,Export
1302,Russian Federation,336358210,2020,02,Import
1303,Russian Federation,187784011,2020,03,Export
1304,Russian Federation,782147733,2020,03,Import
1305,Russian Federation,94598108,2020,04,Export
1306,Russian Federation,357711757,2020,04,Import
1307,Russian Federation,161256677,2020,05,Export
1308,Russian Federation,268813949,2020,05,Import
1309,Russian Federation,412812670,2020,06,Import
1310,Russian Federation,180891024,2020,06,Export
1311,Russian Federation,643390661,2020,07,Import
1312,Russian Federation,239910047,2020,07,Export
1313,Russian Federation,420271068,2020,08,Import
1314,Russian Federation,217127172,2020,08,Export
1315,Russian Federation,251567928,2020,09,Export
1316,Russian Federation,383040365,2020,09,Import
1317,Russian Federation,212591658,2020,10,Export
1318,Russian Federation,461814822,2020,10,Import
1319,Russian Federation,242129867,2020,11,Export
1320,Russian Federation,254354987,2020,11,Import
1321,Russian Federation,270951580,2020,12,Export
1322,Russian Federation,608917757,2020,12,Import
1323,Russian Federation,554794483,2021,01,Import
1324,Russian Federation,229113974,2021,01,Export
1325,Bhutan,17202927,2019,01,Import
1326,Bhutan,53666917,2019,01,Export
1327,Bhutan,22386469,2019,02,Import
1328,Bhutan,54412470,2019,02,Export
1329,Bhutan,25039413,2019,03,Import
1330,Bhutan,62981945,2019,03,Export
1331,Bhutan,18913055,2019,04,Import
1332,Bhutan,60024859,2019,04,Export
1333,Bhutan,17989025,2019,05,Import
1334,Bhutan,55823427,2019,05,Export
1335,Bhutan,18223340,2019,06,Import
1336,Bhutan,59006380,2019,06,Export
1337,Bhutan,18119255,2019,07,Import
1338,Bhutan,60236249,2019,07,Export
1339,Bhutan,62300248,2019,08,Export
1340,Bhutan,19571673,2019,08,Import
1341,Bhutan,19698800,2019,09,Import
1342,Bhutan,52864021,2019,09,Export
1343,Bhutan,22891843,2019,10,Import
1344,Bhutan,57397775,2019,10,Export
1345,Bhutan,21951038,2019,11,Import
1346,Bhutan,55016761,2019,11,Export
1347,Bhutan,26991342,2019,12,Import
1348,Bhutan,60630193,2019,12,Export
1349,Bhutan,23551878,2020,01,Import
1350,Bhutan,56302424,2020,01,Export
1351,Bhutan,64365391,2020,02,Export
1352,Bhutan,26069198,2020,02,Import
1353,Bhutan,57021990,2020,03,Export
1354,Bhutan,18991446,2020,03,Import
1355,Bhutan,34386756,2020,04,Export
1356,Bhutan,2868733,2020,04,Import
1357,Bhutan,9396872,2020,05,Import
1358,Bhutan,55757022,2020,05,Export
1359,Bhutan,61871659,2020,06,Export
1360,Bhutan,8610674,2020,06,Import
1361,Bhutan,13550929,2020,07,Import
1362,Bhutan,59868288,2020,07,Export
1363,Bhutan,10989496,2020,08,Import
1364,Bhutan,26598885,2020,08,Export
1365,Bhutan,29924042,2020,09,Export
1366,Bhutan,14610067,2020,09,Import
1367,Bhutan,61412947,2020,10,Export
1368,Bhutan,15098270,2020,10,Import
1369,Bhutan,56753748,2020,11,Export
1370,Bhutan,16604893,2020,11,Import
1371,Bhutan,57801008,2020,12,Export
1372,Bhutan,24545065,2020,12,Import
1373,Bhutan,56161323,2021,01,Export
1374,Bhutan,20284955,2021,01,Import
1375,Saudi Arabia,2518370353,2019,01,Import
1376,Saudi Arabia,506146741,2019,01,Export
1377,Saudi Arabia,1697052014,2019,02,Import
1378,Saudi Arabia,472186745,2019,02,Export
1379,Saudi Arabia,2541123765,2019,03,Import
1380,Saudi Arabia,623980885,2019,03,Export
1381,Saudi Arabia,2185409937,2019,04,Import
1382,Saudi Arabia,486290445,2019,04,Export
1383,Saudi Arabia,2530441343,2019,05,Import
1384,Saudi Arabia,459765565,2019,05,Export
1385,Saudi Arabia,2149138412,2019,06,Import
1386,Saudi Arabia,405099426,2019,06,Export
1387,Saudi Arabia,2262174984,2019,07,Import
1388,Saudi Arabia,533803405,2019,07,Export
1389,Saudi Arabia,413972426,2019,08,Export
1390,Saudi Arabia,2539299104,2019,08,Import
1391,Saudi Arabia,1775288648,2019,09,Import
1392,Saudi Arabia,447122880,2019,09,Export
1393,Saudi Arabia,1959918338,2019,10,Import
1394,Saudi Arabia,582032626,2019,10,Export
1395,Saudi Arabia,2632016354,2019,11,Import
1396,Saudi Arabia,536234910,2019,11,Export
1397,Saudi Arabia,2205618982,2019,12,Import
1398,Saudi Arabia,506868628,2019,12,Export
1399,Saudi Arabia,2579391782,2020,01,Import
1400,Saudi Arabia,669707611,2020,01,Export
1401,Saudi Arabia,679052963,2020,02,Export
1402,Saudi Arabia,2029261295,2020,02,Import
1403,Saudi Arabia,1850403857,2020,03,Import
1404,Saudi Arabia,548123854,2020,03,Export
1405,Saudi Arabia,229599698,2020,04,Export
1406,Saudi Arabia,965754434,2020,04,Import
1407,Saudi Arabia,808508914,2020,05,Import
1408,Saudi Arabia,373928597,2020,05,Export
1409,Saudi Arabia,915639159,2020,06,Import
1410,Saudi Arabia,483517860,2020,06,Export
1411,Saudi Arabia,1222422191,2020,07,Import
1412,Saudi Arabia,457060339,2020,07,Export
1413,Saudi Arabia,1321354088,2020,08,Import
1414,Saudi Arabia,437537195,2020,08,Export
1415,Saudi Arabia,628942839,2020,09,Export
1416,Saudi Arabia,1244868447,2020,09,Import
1417,Saudi Arabia,478029935,2020,10,Export
1418,Saudi Arabia,1399107199,2020,10,Import
1419,Saudi Arabia,512010784,2020,11,Export
1420,Saudi Arabia,1357155292,2020,11,Import
1421,Saudi Arabia,664790491,2020,12,Export
1422,Saudi Arabia,2062425147,2020,12,Import
1423,Saudi Arabia,1745530150,2021,01,Import
1424,Saudi Arabia,535102748,2021,01,Export
1425,Singapore,1257246365,2019,01,Import
1426,Singapore,693063229,2019,01,Export
1427,Singapore,1351078944,2019,02,Import
1428,Singapore,830412898,2019,02,Export
1429,Singapore,1478145687,2019,03,Import
1430,Singapore,2063541907,2019,03,Export
1431,Singapore,1224069751,2019,04,Import
1432,Singapore,1074804853,2019,04,Export
1433,Singapore,1379951477,2019,05,Import
1434,Singapore,1419824442,2019,05,Export
1435,Singapore,1314049719,2019,06,Import
1436,Singapore,681726094,2019,06,Export
1437,Singapore,1418226815,2019,07,Import
1438,Singapore,976021432,2019,07,Export
1439,Singapore,732403633,2019,08,Export
1440,Singapore,1125447584,2019,08,Import
1441,Singapore,1122271956,2019,09,Import
1442,Singapore,780677574,2019,09,Export
1443,Singapore,1142199566,2019,10,Import
1444,Singapore,476108852,2019,10,Export
1445,Singapore,994727850,2019,11,Import
1446,Singapore,538842124,2019,11,Export
1447,Singapore,1095233588,2019,12,Import
1448,Singapore,508123203,2019,12,Export
1449,Singapore,1378781166,2020,01,Import
1450,Singapore,650853028,2020,01,Export
1451,Singapore,681374779,2020,02,Export
1452,Singapore,1583082740,2020,02,Import
1453,Singapore,608460179,2020,03,Export
1454,Singapore,969703784,2020,03,Import
1455,Singapore,829113051,2020,04,Export
1456,Singapore,462374397,2020,04,Import
1457,Singapore,657994751,2020,05,Export
1458,Singapore,695916233,2020,05,Import
1459,Singapore,653371638,2020,06,Import
1460,Singapore,906808844,2020,06,Export
1461,Singapore,872636404,2020,07,Import
1462,Singapore,604230121,2020,07,Export
1463,Singapore,869684283,2020,08,Import
1464,Singapore,615754783,2020,08,Export
1465,Singapore,776499681,2020,09,Export
1466,Singapore,1183215507,2020,09,Import
1467,Singapore,643420225,2020,10,Export
1468,Singapore,1302828658,2020,10,Import
1469,Singapore,493755870,2020,11,Export
1470,Singapore,1029325139,2020,11,Import
1471,Singapore,795619463,2020,12,Export
1472,Singapore,1327479625,2020,12,Import
1473,Singapore,1521295519,2021,01,Import
1474,Singapore,679083552,2021,01,Export
1475,Viet Nam,566680411,2019,01,Import
1476,Viet Nam,443390158,2019,01,Export
1477,Viet Nam,507435395,2019,02,Import
1478,Viet Nam,440523936,2019,02,Export
1479,Viet Nam,530035748,2019,03,Import
1480,Viet Nam,584514599,2019,03,Export
1481,Viet Nam,659594842,2019,04,Import
1482,Viet Nam,449712955,2019,04,Export
1483,Viet Nam,780444951,2019,05,Import
1484,Viet Nam,379148389,2019,05,Export
1485,Viet Nam,717388866,2019,06,Import
1486,Viet Nam,334881435,2019,06,Export
1487,Viet Nam,747077102,2019,07,Import
1488,Viet Nam,422461210,2019,07,Export
1489,Viet Nam,457748776,2019,08,Export
1490,Viet Nam,726039864,2019,08,Import
1491,Viet Nam,717282950,2019,09,Import
1492,Viet Nam,502452199,2019,09,Export
1493,Viet Nam,600601974,2019,10,Import
1494,Viet Nam,505939848,2019,10,Export
1495,Viet Nam,481979478,2019,11,Import
1496,Viet Nam,530918992,2019,11,Export
1497,Viet Nam,416181354,2019,12,Import
1498,Viet Nam,456252361,2019,12,Export
1499,Viet Nam,466277666,2020,01,Import
1500,Viet Nam,372771799,2020,01,Export
1501,Viet Nam,345679686,2020,02,Export
1502,Viet Nam,534624535,2020,02,Import
1503,Viet Nam,436162418,2020,03,Import
1504,Viet Nam,302591850,2020,03,Export
1505,Viet Nam,172448942,2020,04,Export
1506,Viet Nam,239961513,2020,04,Import
1507,Viet Nam,326467941,2020,05,Import
1508,Viet Nam,385714201,2020,05,Export
1509,Viet Nam,435423807,2020,06,Import
1510,Viet Nam,478042961,2020,06,Export
1511,Viet Nam,410315836,2020,07,Import
1512,Viet Nam,498214280,2020,07,Export
1513,Viet Nam,484512508,2020,08,Import
1514,Viet Nam,370941988,2020,08,Export
1515,Viet Nam,328049006,2020,09,Export
1516,Viet Nam,608223712,2020,09,Import
1517,Viet Nam,381611368,2020,10,Export
1518,Viet Nam,624106503,2020,10,Import
1519,Viet Nam,373365827,2020,11,Export
1520,Viet Nam,513013187,2020,11,Import
1521,Viet Nam,479125627,2020,12,Export
1522,Viet Nam,478090908,2020,12,Import
1523,Viet Nam,435539424,2021,01,Export
1524,Viet Nam,687067568,2021,01,Import
1525,Somalia,1944986,2019,01,Import
1526,Somalia,61726075,2019,01,Export
1527,Somalia,1714731,2019,02,Import
1528,Somalia,62250197,2019,02,Export
1529,Somalia,3866788,2019,03,Import
1530,Somalia,67201265,2019,03,Export
1531,Somalia,5079884,2019,04,Import
1532,Somalia,66059202,2019,04,Export
1533,Somalia,2768650,2019,05,Import
1534,Somalia,47971237,2019,05,Export
1535,Somalia,2609623,2019,06,Import
1536,Somalia,35600555,2019,06,Export
1537,Somalia,295587,2019,07,Import
1538,Somalia,37965341,2019,07,Export
1539,Somalia,39626901,2019,08,Export
1540,Somalia,819388,2019,08,Import
1541,Somalia,897812,2019,09,Import
1542,Somalia,50027806,2019,09,Export
1543,Somalia,993827,2019,10,Import
1544,Somalia,59403634,2019,10,Export
1545,Somalia,347823,2019,11,Import
1546,Somalia,42525052,2019,11,Export
1547,Somalia,558192,2019,12,Import
1548,Somalia,44103401,2019,12,Export
1549,Somalia,364611,2020,01,Import
1550,Somalia,46311938,2020,01,Export
1551,Somalia,54286011,2020,02,Export
1552,Somalia,14406,2020,02,Import
1553,Somalia,55986777,2020,03,Export
1554,Somalia,299645,2020,03,Import
1555,Somalia,31818419,2020,04,Export
1556,Somalia,1033021,2020,04,Import
1557,Somalia,1928734,2020,05,Import
1558,Somalia,38226566,2020,05,Export
1559,Somalia,141034,2020,06,Import
1560,Somalia,36511299,2020,06,Export
1561,Somalia,43482875,2020,07,Export
1562,Somalia,23253,2020,08,Import
1563,Somalia,44387945,2020,08,Export
1564,Somalia,50650609,2020,09,Export
1565,Somalia,437467,2020,09,Import
1566,Somalia,59237925,2020,10,Export
1567,Somalia,116254,2020,10,Import
1568,Somalia,44344406,2020,11,Export
1569,Somalia,393855,2020,11,Import
1570,Somalia,38318073,2020,12,Export
1571,Somalia,286746,2020,12,Import
1572,Somalia,557372,2021,01,Import
1573,Somalia,48630989,2021,01,Export
1574,South Africa,714270584,2019,01,Import
1575,South Africa,260494936,2019,01,Export
1576,South Africa,384336471,2019,02,Import
1577,South Africa,256469007,2019,02,Export
1578,South Africa,558663021,2019,03,Import
1579,South Africa,336335288,2019,03,Export
1580,South Africa,616169107,2019,04,Import
1581,South Africa,267360089,2019,04,Export
1582,South Africa,628254918,2019,05,Import
1583,South Africa,348766038,2019,05,Export
1584,South Africa,531158363,2019,06,Import
1585,South Africa,350440131,2019,06,Export
1586,South Africa,581521598,2019,07,Import
1587,South Africa,404090004,2019,07,Export
1588,South Africa,375191415,2019,08,Export
1589,South Africa,413566741,2019,08,Import
1590,South Africa,547485828,2019,09,Import
1591,South Africa,320031584,2019,09,Export
1592,South Africa,520296969,2019,10,Import
1593,South Africa,414525023,2019,10,Export
1594,South Africa,598397182,2019,11,Import
1595,South Africa,308000452,2019,11,Export
1596,South Africa,541268255,2019,12,Import
1597,South Africa,341753928,2019,12,Export
1598,South Africa,467295326,2020,01,Import
1599,South Africa,297039424,2020,01,Export
1600,South Africa,362798452,2020,02,Export
1601,South Africa,637579399,2020,02,Import
1602,South Africa,885996325,2020,03,Import
1603,South Africa,324687694,2020,03,Export
1604,South Africa,93986722,2020,04,Export
1605,South Africa,184492357,2020,04,Import
1606,South Africa,214382173,2020,05,Export
1607,South Africa,231287858,2020,05,Import
1608,South Africa,208270038,2020,06,Import
1609,South Africa,255299553,2020,06,Export
1610,South Africa,300657096,2020,07,Import
1611,South Africa,273725115,2020,07,Export
1612,South Africa,511641878,2020,08,Import
1613,South Africa,387546575,2020,08,Export
1614,South Africa,392380525,2020,09,Export
1615,South Africa,443588680,2020,09,Import
1616,South Africa,289436521,2020,10,Export
1617,South Africa,590940752,2020,10,Import
1618,South Africa,260736429,2020,11,Export
1619,South Africa,792258439,2020,11,Import
1620,South Africa,347339854,2020,12,Export
1621,South Africa,1422776303,2020,12,Import
1622,South Africa,790956303,2021,01,Export
1623,South Africa,832989360,2021,01,Import
1624,Spain,142356374,2019,01,Import
1625,Spain,331069587,2019,01,Export
1626,Spain,105608449,2019,02,Import
1627,Spain,397429197,2019,02,Export
1628,Spain,147175270,2019,03,Import
1629,Spain,432714749,2019,03,Export
1630,Spain,136150689,2019,04,Import
1631,Spain,351535419,2019,04,Export
1632,Spain,163077361,2019,05,Import
1633,Spain,474173785,2019,05,Export
1634,Spain,140793762,2019,06,Import
1635,Spain,277819019,2019,06,Export
1636,Spain,145595744,2019,07,Import
1637,Spain,280614669,2019,07,Export
1638,Spain,276978867,2019,08,Export
1639,Spain,173009256,2019,08,Import
1640,Spain,147833807,2019,09,Import
1641,Spain,324038495,2019,09,Export
1642,Spain,126266720,2019,10,Import
1643,Spain,276756499,2019,10,Export
1644,Spain,118281188,2019,11,Import
1645,Spain,394702519,2019,11,Export
1646,Spain,106587010,2019,12,Import
1647,Spain,429469778,2019,12,Export
1648,Spain,148717331,2020,01,Import
1649,Spain,289253904,2020,01,Export
1650,Spain,330415027,2020,02,Export
1651,Spain,101589357,2020,02,Import
1652,Spain,272023902,2020,03,Export
1653,Spain,101138058,2020,03,Import
1654,Spain,93406584,2020,04,Export
1655,Spain,67434032,2020,04,Import
1656,Spain,120031834,2020,05,Import
1657,Spain,222452917,2020,05,Export
1658,Spain,109724375,2020,06,Import
1659,Spain,246983393,2020,06,Export
1660,Spain,102930262,2020,07,Import
1661,Spain,294764259,2020,07,Export
1662,Spain,80048144,2020,08,Import
1663,Spain,257088120,2020,08,Export
1664,Spain,254769625,2020,09,Export
1665,Spain,99895959,2020,09,Import
1666,Spain,259513089,2020,10,Export
1667,Spain,116238812,2020,10,Import
1668,Spain,253857728,2020,11,Export
1669,Spain,125032935,2020,11,Import
1670,Spain,310462903,2020,12,Export
1671,Spain,257182370,2020,12,Import
1672,Spain,139676793,2021,01,Import
1673,Spain,345058300,2021,01,Export
1674,Syria,1012663,2019,01,Import
1675,Syria,13361274,2019,01,Export
1676,Syria,1410107,2019,02,Import
1677,Syria,10921992,2019,02,Export
1678,Syria,758944,2019,03,Import
1679,Syria,12531599,2019,03,Export
1680,Syria,940147,2019,04,Import
1681,Syria,9700061,2019,04,Export
1682,Syria,1625880,2019,05,Import
1683,Syria,11653197,2019,05,Export
1684,Syria,522115,2019,06,Import
1685,Syria,9515503,2019,06,Export
1686,Syria,1561055,2019,07,Import
1687,Syria,12657421,2019,07,Export
1688,Syria,19285109,2019,08,Export
1689,Syria,1507342,2019,08,Import
1690,Syria,1024710,2019,09,Import
1691,Syria,11433771,2019,09,Export
1692,Syria,1389770,2019,10,Import
1693,Syria,26277328,2019,10,Export
1694,Syria,1793428,2019,11,Import
1695,Syria,9023132,2019,11,Export
1696,Syria,2165923,2019,12,Import
1697,Syria,12826147,2019,12,Export
1698,Syria,1167394,2020,01,Import
1699,Syria,9788509,2020,01,Export
1700,Syria,9603448,2020,02,Export
1701,Syria,890352,2020,02,Import
1702,Syria,9951790,2020,03,Export
1703,Syria,752712,2020,03,Import
1704,Syria,4231109,2020,04,Export
1705,Syria,1648005,2020,04,Import
1706,Syria,1073417,2020,05,Import
1707,Syria,7870128,2020,05,Export
1708,Syria,15004246,2020,06,Export
1709,Syria,782702,2020,07,Import
1710,Syria,6458887,2020,07,Export
1711,Syria,872116,2020,08,Import
1712,Syria,15437342,2020,08,Export
1713,Syria,8150236,2020,09,Export
1714,Syria,1410652,2020,09,Import
1715,Syria,8605079,2020,10,Export
1716,Syria,1614318,2020,10,Import
1717,Syria,17350329,2020,11,Export
1718,Syria,2191733,2020,11,Import
1719,Syria,10968745,2020,12,Export
1720,Syria,2479419,2020,12,Import
1721,Syria,7905939,2021,01,Export
1722,Syria,932778,2021,01,Import
1723,Brazil,276942001,2019,01,Import
1724,Brazil,307817378,2019,01,Export
1725,Brazil,275871514,2019,02,Import
1726,Brazil,294786983,2019,02,Export
1727,Brazil,347181431,2019,03,Import
1728,Brazil,417715450,2019,03,Export
1729,Brazil,137653884,2019,04,Import
1730,Brazil,253316737,2019,04,Export
1731,Brazil,301005581,2019,05,Import
1732,Brazil,393671676,2019,05,Export
1733,Brazil,197023860,2019,06,Import
1734,Brazil,287023559,2019,06,Export
1735,Brazil,325420702,2019,07,Import
1736,Brazil,313781362,2019,07,Export
1737,Brazil,359547610,2019,08,Export
1738,Brazil,358387870,2019,08,Import
1739,Brazil,180028719,2019,09,Import
1740,Brazil,359928620,2019,09,Export
1741,Brazil,231981996,2019,10,Import
1742,Brazil,329206354,2019,10,Export
1743,Brazil,218225485,2019,11,Import
1744,Brazil,373267271,2019,11,Export
1745,Brazil,192714329,2019,12,Import
1746,Brazil,420726137,2019,12,Export
1747,Brazil,250991141,2020,01,Import
1748,Brazil,348675415,2020,01,Export
1749,Brazil,293756952,2020,02,Export
1750,Brazil,358894656,2020,02,Import
1751,Brazil,243680208,2020,03,Export
1752,Brazil,296153088,2020,03,Import
1753,Brazil,126667268,2020,04,Export
1754,Brazil,205797368,2020,04,Import
1755,Brazil,209229953,2020,05,Export
1756,Brazil,160316542,2020,05,Import
1757,Brazil,268856480,2020,06,Export
1758,Brazil,188335844,2020,06,Import
1759,Brazil,180497110,2020,07,Import
1760,Brazil,304511914,2020,07,Export
1761,Brazil,204826060,2020,08,Import
1762,Brazil,334346159,2020,08,Export
1763,Brazil,412194640,2020,09,Export
1764,Brazil,180374452,2020,09,Import
1765,Brazil,371935366,2020,10,Export
1766,Brazil,231250096,2020,10,Import
1767,Brazil,370655528,2020,11,Export
1768,Brazil,449096554,2020,11,Import
1769,Brazil,391419132,2020,12,Export
1770,Brazil,485009457,2020,12,Import
1771,Brazil,393219021,2021,01,Export
1772,Brazil,277609700,2021,01,Import
1773,United Arab Emirates,2806665870,2019,01,Import
1774,United Arab Emirates,2385183171,2019,01,Export
1775,United Arab Emirates,2387909024,2019,02,Import
1776,United Arab Emirates,2391966078,2019,02,Export
1777,United Arab Emirates,2635343273,2019,03,Import
1778,United Arab Emirates,2760625975,2019,03,Export
1779,United Arab Emirates,2294401278,2019,04,Import
1780,United Arab Emirates,2342731412,2019,04,Export
1781,United Arab Emirates,2503053633,2019,05,Import
1782,United Arab Emirates,3518870676,2019,05,Export
1783,United Arab Emirates,2533429874,2019,06,Import
1784,United Arab Emirates,2084211939,2019,06,Export
1785,United Arab Emirates,2283322249,2019,07,Import
1786,United Arab Emirates,2406052744,2019,07,Export
1787,United Arab Emirates,2235670136,2019,08,Export
1788,United Arab Emirates,2155917085,2019,08,Import
1789,United Arab Emirates,2505329347,2019,09,Import
1790,United Arab Emirates,2268845619,2019,09,Export
1791,United Arab Emirates,2351058604,2019,10,Import
1792,United Arab Emirates,2380481816,2019,10,Export
1793,United Arab Emirates,2726626515,2019,11,Import
1794,United Arab Emirates,2368679130,2019,11,Export
1795,United Arab Emirates,3098933826,2019,12,Import
1796,United Arab Emirates,2402267524,2019,12,Export
1797,United Arab Emirates,3157503001,2020,01,Import
1798,United Arab Emirates,2123964299,2020,01,Export
1799,United Arab Emirates,2923082023,2020,02,Export
1800,United Arab Emirates,2493764703,2020,02,Import
1801,United Arab Emirates,1647779516,2020,03,Export
1802,United Arab Emirates,2006103558,2020,03,Import
1803,United Arab Emirates,611890580,2020,04,Export
1804,United Arab Emirates,859893992,2020,04,Import
1805,United Arab Emirates,1217879530,2020,05,Export
1806,United Arab Emirates,767112857,2020,05,Import
1807,United Arab Emirates,1147435750,2020,06,Import
1808,United Arab Emirates,992480416,2020,06,Export
1809,United Arab Emirates,1632898897,2020,07,Import
1810,United Arab Emirates,1116303624,2020,07,Export
1811,United Arab Emirates,1865954419,2020,08,Import
1812,United Arab Emirates,1162687876,2020,08,Export
1813,United Arab Emirates,1588603262,2020,09,Export
1814,United Arab Emirates,2108539371,2020,09,Import
1815,United Arab Emirates,1494532782,2020,10,Export
1816,United Arab Emirates,2308990339,2020,10,Import
1817,United Arab Emirates,1472318887,2020,11,Export
1818,United Arab Emirates,2401734355,2020,11,Import
1819,United Arab Emirates,1673552550,2020,12,Export
1820,United Arab Emirates,3205511592,2020,12,Import
1821,United Arab Emirates,1563675661,2021,01,Export
1822,United Arab Emirates,3358821103,2021,01,Import
1823,Egypt,138679248,2019,01,Import
1824,Egypt,212952993,2019,01,Export
1825,Egypt,76364579,2019,02,Import
1826,Egypt,188568403,2019,02,Export
1827,Egypt,106388049,2019,03,Import
1828,Egypt,289781837,2019,03,Export
1829,Egypt,182548672,2019,04,Import
1830,Egypt,194479747,2019,04,Export
1831,Egypt,194473067,2019,05,Import
1832,Egypt,335833876,2019,05,Export
1833,Egypt,151893100,2019,06,Import
1834,Egypt,224916913,2019,06,Export
1835,Egypt,131700772,2019,07,Import
1836,Egypt,187986772,2019,07,Export
1837,Egypt,206007759,2019,08,Export
1838,Egypt,254080937,2019,08,Import
1839,Egypt,133777696,2019,09,Import
1840,Egypt,197039700,2019,09,Export
1841,Egypt,104225920,2019,10,Import
1842,Egypt,186686006,2019,10,Export
1843,Egypt,263591284,2019,11,Import
1844,Egypt,227480007,2019,11,Export
1845,Egypt,259826998,2019,12,Import
1846,Egypt,208315848,2019,12,Export
1847,Egypt,148988729,2020,01,Import
1848,Egypt,200288919,2020,01,Export
1849,Egypt,196390328,2020,02,Export
1850,Egypt,86540965,2020,02,Import
1851,Egypt,152487971,2020,03,Export
1852,Egypt,117616357,2020,03,Import
1853,Egypt,85666823,2020,04,Export
1854,Egypt,83352288,2020,04,Import
1855,Egypt,116717453,2020,05,Import
1856,Egypt,131749032,2020,05,Export
1857,Egypt,157066441,2020,06,Import
1858,Egypt,172987754,2020,06,Export
1859,Egypt,148946539,2020,07,Import
1860,Egypt,183875391,2020,07,Export
1861,Egypt,117669289,2020,08,Import
1862,Egypt,193508531,2020,08,Export
1863,Egypt,202003983,2020,09,Export
1864,Egypt,198941762,2020,09,Import
1865,Egypt,171046617,2020,10,Export
1866,Egypt,145544328,2020,10,Import
1867,Egypt,231821311,2020,11,Export
1868,Egypt,227320933,2020,11,Import
1869,Egypt,226357327,2020,12,Export
1870,Egypt,213449841,2020,12,Import
1871,Egypt,242367651,2021,01,Import
1872,Egypt,229409950,2021,01,Export
1873,United Kingdom,687586518,2019,01,Import
1874,United Kingdom,761177969,2019,01,Export
1875,United Kingdom,541270465,2019,02,Import
1876,United Kingdom,726817587,2019,02,Export
1877,United Kingdom,627730465,2019,03,Import
1878,United Kingdom,912367466,2019,03,Export
1879,United Kingdom,525678847,2019,04,Import
1880,United Kingdom,680302956,2019,04,Export
1881,United Kingdom,611008344,2019,05,Import
1882,United Kingdom,774339147,2019,05,Export
1883,United Kingdom,669440110,2019,06,Import
1884,United Kingdom,790878345,2019,06,Export
1885,United Kingdom,604239154,2019,07,Import
1886,United Kingdom,729460851,2019,07,Export
1887,United Kingdom,736174033,2019,08,Export
1888,United Kingdom,609524755,2019,08,Import
1889,United Kingdom,565845406,2019,09,Import
1890,United Kingdom,685520896,2019,09,Export
1891,United Kingdom,488418458,2019,10,Import
1892,United Kingdom,681375012,2019,10,Export
1893,United Kingdom,451602454,2019,11,Import
1894,United Kingdom,622965878,2019,11,Export
1895,United Kingdom,497798042,2019,12,Import
1896,United Kingdom,699140380,2019,12,Export
1897,United Kingdom,835127765,2020,01,Import
1898,United Kingdom,993963750,2020,01,Export
1899,United Kingdom,798178954,2020,02,Export
1900,United Kingdom,497256300,2020,02,Import
1901,United Kingdom,357175506,2020,03,Import
1902,United Kingdom,540064205,2020,03,Export
1903,United Kingdom,160119482,2020,04,Export
1904,United Kingdom,115398437,2020,04,Import
1905,United Kingdom,336967256,2020,05,Export
1906,United Kingdom,436945372,2020,05,Import
1907,United Kingdom,230938794,2020,06,Import
1908,United Kingdom,524417229,2020,06,Export
1909,United Kingdom,302229930,2020,07,Import
1910,United Kingdom,630821144,2020,07,Export
1911,United Kingdom,387320326,2020,08,Import
1912,United Kingdom,682760223,2020,08,Export
1913,United Kingdom,833112964,2020,09,Export
1914,United Kingdom,393585848,2020,09,Import
1915,United Kingdom,766867067,2020,10,Export
1916,United Kingdom,338607840,2020,10,Import
1917,United Kingdom,623091645,2020,11,Export
1918,United Kingdom,412837217,2020,11,Import
1919,United Kingdom,900191269,2020,12,Export
1920,United Kingdom,415588140,2020,12,Import
1921,United Kingdom,759644210,2021,01,Export
1922,United Kingdom,790321473,2021,01,Import
1923,USA,2672049497,2019,01,Import
1924,USA,4511541001,2019,01,Export
1925,USA,2705031094,2019,02,Import
1926,USA,4187092413,2019,02,Export
1927,USA,3082339102,2019,03,Import
1928,USA,4941891338,2019,03,Export
1929,USA,3166296280,2019,04,Import
1930,USA,4171803393,2019,04,Export
1931,USA,3456819275,2019,05,Import
1932,USA,4970699291,2019,05,Export
1933,USA,3167789947,2019,06,Import
1934,USA,4290388969,2019,06,Export
1935,USA,2905583671,2019,07,Import
1936,USA,4525992398,2019,07,Export
1937,USA,4558719199,2019,08,Export
1938,USA,2872308640,2019,08,Import
1939,USA,2782975707,2019,09,Import
1940,USA,4429094174,2019,09,Export
1941,USA,2755352340,2019,10,Import
1942,USA,4658595797,2019,10,Export
1943,USA,2788272105,2019,11,Import
1944,USA,4328493517,2019,11,Export
1945,USA,2571220173,2019,12,Import
1946,USA,4705120736,2019,12,Export
1947,USA,2851072244,2020,01,Import
1948,USA,4448927776,2020,01,Export
1949,USA,4697616966,2020,02,Export
1950,USA,3042873082,2020,02,Import
1951,USA,2061097052,2020,03,Import
1952,USA,3759813200,2020,03,Export
1953,USA,1471385053,2020,04,Export
1954,USA,1417449950,2020,04,Import
1955,USA,2012565029,2020,05,Import
1956,USA,2901814455,2020,05,Export
1957,USA,1825961756,2020,06,Import
1958,USA,3823190292,2020,06,Export
1959,USA,2137618057,2020,07,Import
1960,USA,4416751866,2020,07,Export
1961,USA,2382353400,2020,08,Import
1962,USA,4263249533,2020,08,Export
1963,USA,5218402336,2020,09,Export
1964,USA,1848326394,2020,09,Import
1965,USA,4871101505,2020,10,Export
1966,USA,2132774609,2020,10,Import
1967,USA,4561515829,2020,11,Export
1968,USA,2396540097,2020,11,Import
1969,USA,4897944573,2020,12,Export
1970,USA,2482887612,2020,12,Import
1971,USA,4970382064,2021,01,Export
1972,USA,2945154872,2021,01,Import
1973,Venezuela,321572154,2019,01,Import
1974,Venezuela,11119138,2019,01,Export
1975,Venezuela,359365957,2019,02,Import
1976,Venezuela,42202656,2019,02,Export
1977,Venezuela,689172610,2019,03,Import
1978,Venezuela,50421066,2019,03,Export
1979,Venezuela,616211136,2019,04,Import
1980,Venezuela,2644555,2019,04,Export
1981,Venezuela,387148384,2019,05,Import
1982,Venezuela,4881408,2019,05,Export
1983,Venezuela,521328667,2019,06,Import
1984,Venezuela,9083829,2019,06,Export
1985,Venezuela,404970439,2019,07,Import
1986,Venezuela,2751951,2019,07,Export
1987,Venezuela,5393320,2019,08,Export
1988,Venezuela,428279372,2019,08,Import
1989,Venezuela,399827217,2019,09,Import
1990,Venezuela,5775494,2019,09,Export
1991,Venezuela,433697794,2019,10,Import
1992,Venezuela,21870359,2019,10,Export
1993,Venezuela,357731417,2019,11,Import
1994,Venezuela,79024807,2019,11,Export
1995,Venezuela,770713834,2019,12,Import
1996,Venezuela,5038063,2019,12,Export
1997,Venezuela,621549365,2020,01,Import
1998,Venezuela,68366536,2020,01,Export
1999,Venezuela,72758898,2020,02,Export
2000,Venezuela,587523979,2020,02,Import
2001,Venezuela,497161827,2020,03,Import
2002,Venezuela,62186559,2020,03,Export
2003,Venezuela,54237182,2020,04,Export
2004,Venezuela,68530418,2020,04,Import
2005,Venezuela,34453823,2020,05,Import
2006,Venezuela,39914305,2020,05,Export
2007,Venezuela,2868973,2020,06,Import
2008,Venezuela,4821140,2020,06,Export
2009,Venezuela,1907837,2020,07,Import
2010,Venezuela,11733476,2020,07,Export
2011,Venezuela,90561844,2020,08,Import
2012,Venezuela,88828380,2020,08,Export
2013,Venezuela,331767685,2020,09,Export
2014,Venezuela,109331273,2020,09,Import
2015,Venezuela,6019638,2020,10,Export
2016,Venezuela,185098942,2020,10,Import
2017,Venezuela,6953451,2020,11,Export
2018,Venezuela,162596431,2020,11,Import
2019,Venezuela,13118469,2020,12,Export
2020,Venezuela,5425111,2020,12,Import
2021,Venezuela,6190582,2021,01,Export
2022,Venezuela,9350647,2021,01,Import
